<resources>
    <string name="app_name">WeatherApp</string>
    <string name="tab_text_1">Tab 1</string>
    <string name="tab_text_2">Tab 2</string>

    <!-- TODO: Remove or change this placeholder text -->
    <string name="hello_blank_fragment">Hello blank fragment</string>

    <string name="title_activity_dumb">Dumb</string>
    <string name="dummy_button">Dummy Button</string>
    <string name="dummy_content">DUMMY\nCONTENT</string>
    <string name="title_activity_dot">DotActivity</string>
</resources>
